feature,importance
HbA1c,0.2530996330624199
BMI,0.18843609108702677
Blutzucker_Nuechtern,0.1804989123516626
Alter,0.0982576607169123
Blutdruck_Systolisch,0.09550495787790404
Cholesterin_Gesamt,0.06730543492224852
Taillenumfang,0.060511563075048715
Familien_Diabetes,0.03927124097750048
Herz_Kreislauf_Erkrankung,0.008600048569277272
Bluthochdruck,0.008514457359999401
